Nome,Cognome,Indirizzo,Email
Althea,Katrine,BH,Althea.@test.com
Dyann,Zaslow,SJ,Dyann.@test.com
Camile,Zaslow,ET,Camile.@test.com
Renie,Hubert,LB,Renie.@test.com
Lila,Tiffa,QY,Lila.@test.com
Hermione,Bethany,MG,Hermione.@test.com
Dianemarie,Halla,UN,Dianemarie.@test.com
Atlanta,Grobe,BP,Atlanta.@test.com
Janis,Monk,SQ,Janis.@test.com
Ingrid,Dominy,LI,Ingrid.@test.com
Kristina,Martguerita,FH,Kristina.@test.com
Perry,My,ZL,Perry.@test.com
Patricia,Even,RN,Patricia.@test.com
Rosabelle,Vivle,PH,Rosabelle.@test.com
Edith,Wildermuth,SP,Edith.@test.com
Sue,Skell,IB,Sue.@test.com
Caritta,Tiffa,SN,Caritta.@test.com
Lorie,Georas,KZ,Lorie.@test.com
Millie,Erb,NX,Millie.@test.com
Nerta,Evangelia,UX,Nerta.@test.com
Dione,Fennessy,CI,Dione.@test.com
Beatriz,Arathorn,PA,Beatriz.@test.com
Shaine,Alarise,HI,Shaine.@test.com
Mireielle,Brady,VA,Mireielle.@test.com
Selia,Blase,QC,Selia.@test.com
Georgetta,Halla,JX,Georgetta.@test.com
Linet,Trinetta,MK,Linet.@test.com
Minda,Fry,HC,Minda.@test.com
Atlanta,Rheingold,XE,Atlanta.@test.com
Carlie,Noman,DF,Carlie.@test.com
Lynde,Publia,EL,Lynde.@test.com
Sheelagh,Minetta,AV,Sheelagh.@test.com
Dorice,Serilda,GS,Dorice.@test.com
Lenna,Giff,LR,Lenna.@test.com
Elsie,Vacuva,QD,Elsie.@test.com
Bettine,Adrienne,GV,Bettine.@test.com
Tabbatha,Gert,PX,Tabbatha.@test.com
Codie,Jarib,TY,Codie.@test.com
Kathi,Lissi,ZL,Kathi.@test.com
Britte,Raffo,IN,Britte.@test.com
Marjie,Stuart,DQ,Marjie.@test.com
Ruthe,Zachary,ZV,Ruthe.@test.com
Sophia,Rosemary,ZL,Sophia.@test.com
Suzette,Sigfrid,KZ,Suzette.@test.com
Chastity,Ezar,TQ,Chastity.@test.com
Allis,Syd,HP,Allis.@test.com
Elyssa,Ferino,TT,Elyssa.@test.com
Jany,Daegal,AK,Jany.@test.com
Suzette,Ilka,NF,Suzette.@test.com
Katuscha,Brian,OU,Katuscha.@test.com